{
    "parent": "minecraft:item/generated",
    "textures": {
      "layer0": "minecraft:item/cod"
    },
    "overrides": [
      {
        "predicate": {
          "custom_model_data": 901
        },
        "model": "chelcraft:item/anglerfish"
      },
      {
        "predicate": {
          "custom_model_data": 902
        },
        "model": "chelcraft:item/arapaima"
      },
      {
        "predicate": {
          "custom_model_data": 903
        },
        "model": "chelcraft:item/armored_catfish"
      },
      {
        "predicate": {
          "custom_model_data": 904
        },
        "model": "chelcraft:item/bayad"
      },
      {
        "predicate": {
          "custom_model_data": 905
        },
        "model": "chelcraft:item/blackfish"
      },
      {
        "predicate": {
          "custom_model_data": 906
        },
        "model": "chelcraft:item/bluegill"
      },
      {
        "predicate": {
          "custom_model_data": 907
        },
        "model": "chelcraft:item/boulti"
      },
      {
        "predicate": {
          "custom_model_data": 908
        },
        "model": "chelcraft:item/brown_trouti"
      },
      {
        "predicate": {
          "custom_model_data": 909
        },
        "model": "chelcraft:item/hogfish"
      },
      {
        "predicate": {
          "custom_model_data": 910
        },
        "model": "chelcraft:item/carp"
      },
      {
        "predicate": {
          "custom_model_data": 911
        },
        "model": "chelcraft:item/catfish"
      },
      {
        "predicate": {
          "custom_model_data": 912
        },
        "model": "chelcraft:item/electric_eel"
      },
      {
        "predicate": {
          "custom_model_data": 913
        },
        "model": "chelcraft:item/gar"
      },
      {
        "predicate": {
          "custom_model_data": 914
        },
        "model": "chelcraft:item/halibut"
      },
      {
        "predicate": {
          "custom_model_data": 915
        },
        "model": "chelcraft:item/herring"
      },
      {
        "predicate": {
          "custom_model_data": 916
        },
        "model": "chelcraft:item/koi"
      },
      {
        "predicate": {
          "custom_model_data": 917
        },
        "model": "chelcraft:item/minnow"
      },
      {
        "predicate": {
          "custom_model_data": 918
        },
        "model": "chelcraft:item/muskellenge"
      },
      {
        "predicate": {
          "custom_model_data": 919
        },
        "model": "chelcraft:item/perch"
      },
      {
        "predicate": {
          "custom_model_data": 920
        },
        "model": "chelcraft:item/pinksalmon"
      },
      {
        "predicate": {
          "custom_model_data": 921
        },
        "model": "chelcraft:item/pollock"
      },
      {
        "predicate": {
          "custom_model_data": 922
        },
        "model": "chelcraft:item/rainbow_trout"
      },
      {
        "predicate": {
          "custom_model_data": 923
        },
        "model": "chelcraft:item/red_bellied_piranha"
      },
      {
        "predicate": {
          "custom_model_data": 924
        },
        "model": "chelcraft:item/red_grouper"
      },
      {
        "predicate": {
          "custom_model_data": 923
        },
        "model": "chelcraft:item/smallmouth_bass"
      },
      {
        "predicate": {
          "custom_model_data": 925
        },
        "model": "chelcraft:item/synodontis"
      },
      {
        "predicate": {
          "custom_model_data": 926
        },
        "model": "chelcraft:item/tambaqui"
      },
      {
        "predicate": {
          "custom_model_data": 927
        },
        "model": "chelcraft:item/tuna"
      }
    ]
}